thu_tu_uu_tien,chi_so_o_luoi,kinh_do,vi_do,xac_suat_con_vat_no,chi_so_uu_tien,tai_trong_bom_ghi_nhan_tan,so_ho_bom_phat_hien,khoang_cach_khu_dan_cu_m,la_dat_canh_tac,da_ra_pha,ghi_chu
1,13395,107.033579,16.774409,1.0000,0.9991,0.73,1,483,co,co,Thu tu uu tien ra pha. Khong phai xac nhan an toan.
2,11197,107.035457,16.765416,1.0000,0.9986,0.15,0,300,co,co,Thu tu uu tien ra pha. Khong phai xac nhan an toan.
3,25764,106.873006,16.825670,1.0000,0.9982,0.23,0,100,co,co,Thu tu uu tien ra pha. Khong phai xac nhan an toan.
4,9113,106.937799,16.757322,1.0000,0.9980,0.54,0,541,co,co,Thu tu uu tien ra pha. Khong phai xac nhan an toan.
5,10108,107.045786,16.760919,1.0000,0.9977,0.50,0,1000,co,co,Thu tu uu tien ra pha. Khong phai xac nhan an toan.
6,25379,106.924652,16.823872,1.0000,0.9976,0.50,0,1149,co,co,Thu tu uu tien ra pha. Khong phai xac nhan an toan.
7,9432,107.030762,16.758221,1.0000,0.9976,0.19,0,241,co,co,Thu tu uu tien ra pha. Khong phai xac nhan an toan.
8,25159,106.924652,16.822972,1.0000,0.9975,0.54,0,1190,co,co,Thu tu uu tien ra pha. Khong phai xac nhan an toan.
9,26260,106.925591,16.827469,1.0000,0.9975,0.54,1,1083,co,co,Thu tu uu tien ra pha. Khong phai xac nhan an toan.
10,25820,106.925591,16.825670,1.0000,0.9975,0.51,1,1166,co,co,Thu tu uu tien ra pha. Khong phai xac nhan an toan.
11,9212,107.030762,16.757322,1.0000,0.9974,0.21,0,283,co,co,Thu tu uu tien ra pha. Khong phai xac nhan an toan.
12,11630,107.028884,16.767214,1.0000,0.9973,0.03,0,666,co,co,Thu tu uu tien ra pha. Khong phai xac nhan an toan.
13,26696,106.921835,16.829268,1.0000,0.9973,0.15,0,600,co,co,Thu tu uu tien ra pha. Khong phai xac nhan an toan.
14,21877,106.941555,16.809482,1.0000,0.9972,0.58,1,1666,co,co,Thu tu uu tien ra pha. Khong phai xac nhan an toan.
15,7577,106.941555,16.751027,1.0000,0.9972,0.64,1,1200,co,co,Thu tu uu tien ra pha. Khong phai xac nhan an toan.
16,34112,106.861738,16.859845,1.0000,0.9971,0.15,2,1231,co,co,Thu tu uu tien ra pha. Khong phai xac nhan an toan.
17,12744,107.042030,16.771711,1.0000,0.9971,0.08,0,100,co,co,Thu tu uu tien ra pha. Khong phai xac nhan an toan.
18,26969,106.971603,16.830167,1.0000,0.9970,0.28,2,400,co,co,Thu tu uu tien ra pha. Khong phai xac nhan an toan.
19,4365,107.024188,16.737537,1.0000,0.9970,0.14,1,1373,co,co,Thu tu uu tien ra pha. Khong phai xac nhan an toan.
20,13174,107.032640,16.773510,1.0000,0.9970,0.77,0,541,co,co,Thu tu uu tien ra pha. Khong phai xac nhan an toan.
21,27783,106.909628,16.833764,1.0000,0.9969,0.51,1,341,co,co,Thu tu uu tien ra pha. Khong phai xac nhan an toan.
22,7224,107.023249,16.749228,1.0000,0.9969,0.50,0,1514,co,co,Thu tu uu tien ra pha. Khong phai xac nhan an toan.
23,10657,106.941555,16.763617,1.0000,0.9968,0.55,0,0,co,co,Thu tu uu tien ra pha. Khong phai xac nhan an toan.
24,34330,106.859860,16.860744,1.0000,0.9968,0.19,2,1190,co,co,Thu tu uu tien ra pha. Khong phai xac nhan an toan.
25,12300,107.038274,16.769912,1.0000,0.9968,0.25,0,0,co,co,Thu tu uu tien ra pha. Khong phai xac nhan an toan.
26,21656,106.940616,16.808583,1.0000,0.9967,0.65,1,1724,co,co,Thu tu uu tien ra pha. Khong phai xac nhan an toan.
27,12094,107.051420,16.769013,1.0000,0.9967,0.36,0,1100,co,co,Thu tu uu tien ra pha. Khong phai xac nhan an toan.
28,11872,107.049542,16.768114,1.0000,0.9967,0.56,1,941,co,co,Thu tu uu tien ra pha. Khong phai xac nhan an toan.
29,7891,107.029823,16.751926,1.0000,0.9967,0.06,0,924,co,co,Thu tu uu tien ra pha. Khong phai xac nhan an toan.
30,10109,107.046725,16.760919,1.0000,0.9967,0.49,0,1100,co,co,Thu tu uu tien ra pha. Khong phai xac nhan an toan.
31,4746,106.968786,16.739335,1.0000,0.9966,0.22,0,583,co,co,Thu tu uu tien ra pha. Khong phai xac nhan an toan.
32,34111,106.860799,16.859845,1.0000,0.9966,0.20,0,1131,co,co,Thu tu uu tien ra pha. Khong phai xac nhan an toan.
33,9117,106.941555,16.757322,1.0000,0.9965,0.08,0,500,co,co,Thu tu uu tien ra pha. Khong phai xac nhan an toan.
34,26420,106.869250,16.828368,1.0000,0.9965,0.25,4,483,co,co,Thu tu uu tien ra pha. Khong phai xac nhan an toan.
35,11412,107.030762,16.766315,1.0000,0.9965,0.02,0,483,co,co,Thu tu uu tien ra pha. Khong phai xac nhan an toan.
36,25369,106.915262,16.823872,1.0000,0.9964,0.49,2,600,co,co,Thu tu uu tien ra pha. Khong phai xac nhan an toan.
37,15519,106.962213,16.783402,1.0000,0.9964,0.29,0,924,co,co,Thu tu uu tien ra pha. Khong phai xac nhan an toan.
38,21436,106.940616,16.807684,1.0000,0.9964,0.57,1,1683,co,co,Thu tu uu tien ra pha. Khong phai xac nhan an toan.
39,24939,106.924652,16.822073,1.0000,0.9964,0.58,0,1231,co,co,Thu tu uu tien ra pha. Khong phai xac nhan an toan.
40,24709,106.915262,16.821174,1.0000,0.9964,0.29,1,900,co,co,Thu tu uu tien ra pha. Khong phai xac nhan an toan.
41,14272,107.030762,16.778006,1.0000,0.9963,0.35,3,949,co,co,Thu tu uu tien ra pha. Khong phai xac nhan an toan.
42,17048,106.951884,16.789697,1.0000,0.9963,0.10,1,441,co,co,Thu tu uu tien ra pha. Khong phai xac nhan an toan.
43,10107,107.044847,16.760919,1.0000,0.9962,0.49,0,900,co,co,Thu tu uu tien ra pha. Khong phai xac nhan an toan.
44,27189,106.971603,16.831066,1.0000,0.9961,0.29,0,441,co,co,Thu tu uu tien ra pha. Khong phai xac nhan an toan.
45,19269,106.971603,16.798691,1.0000,0.9961,0.30,0,1466,co,co,Thu tu uu tien ra pha. Khong phai xac nhan an toan.
46,7156,106.959396,16.749228,1.0000,0.9961,0.41,2,1283,co,co,Thu tu uu tien ra pha. Khong phai xac nhan an toan.
47,3273,107.031701,16.733040,1.0000,0.9961,0.15,0,541,co,co,Thu tu uu tien ra pha. Khong phai xac nhan an toan.
48,7376,106.959396,16.750127,1.0000,0.9961,0.36,3,1324,co,co,Thu tu uu tien ra pha. Khong phai xac nhan an toan.
49,10658,106.942494,16.763617,1.0000,0.9960,0.57,1,0,co,co,Thu tu uu tien ra pha. Khong phai xac nhan an toan.
50,8250,106.953762,16.753725,1.0000,0.9960,0.12,0,1573,co,co,Thu tu uu tien ra pha. Khong phai xac nhan an toan.
51,11874,107.051420,16.768114,1.0000,0.9959,0.30,1,1141,co,co,Thu tu uu tien ra pha. Khong phai xac nhan an toan.
52,26256,106.921835,16.827469,1.0000,0.9959,0.13,0,683,co,co,Thu tu uu tien ra pha. Khong phai xac nhan an toan.
53,27188,106.970664,16.831066,1.0000,0.9959,0.31,3,341,co,co,Thu tu uu tien ra pha. Khong phai xac nhan an toan.
54,25544,106.873006,16.824771,1.0000,0.9959,0.24,0,0,co,co,Thu tu uu tien ra pha. Khong phai xac nhan an toan.
55,26040,106.925591,16.826570,1.0000,0.9959,0.52,0,1124,co,co,Thu tu uu tien ra pha. Khong phai xac nhan an toan.
56,4745,106.967847,16.739335,1.0000,0.9959,0.14,0,624,co,co,Thu tu uu tien ra pha. Khong phai xac nhan an toan.
57,10427,106.932164,16.762718,1.0000,0.9959,0.52,2,700,co,co,Thu tu uu tien ra pha. Khong phai xac nhan an toan.
58,26477,106.922774,16.828368,1.0000,0.9959,0.16,0,741,co,co,Thu tu uu tien ra pha. Khong phai xac nhan an toan.
59,16828,106.951884,16.788798,1.0000,0.9959,0.14,0,483,co,co,Thu tu uu tien ra pha. Khong phai xac nhan an toan.
60,14729,107.046725,16.779805,1.0000,0.9958,0.58,1,1049,co,co,Thu tu uu tien ra pha. Khong phai xac nhan an toan.
61,17724,106.966908,16.792395,1.0000,0.9957,0.34,4,800,co,co,Thu tu uu tien ra pha. Khong phai xac nhan an toan.
62,19489,106.971603,16.799590,1.0000,0.9957,0.30,0,1424,co,co,Thu tu uu tien ra pha. Khong phai xac nhan an toan.
63,1518,107.036396,16.725846,1.0000,0.9957,0.15,0,0,co,co,Thu tu uu tien ra pha. Khong phai xac nhan an toan.
64,21657,106.941555,16.808583,1.0000,0.9956,0.61,1,1624,co,co,Thu tu uu tien ra pha. Khong phai xac nhan an toan.
65,24938,106.923713,16.822073,1.0000,0.9956,0.48,0,1131,co,co,Thu tu uu tien ra pha. Khong phai xac nhan an toan.
66,13833,107.031701,16.776208,1.0000,0.9954,0.35,1,766,co,co,Thu tu uu tien ra pha. Khong phai xac nhan an toan.
67,10430,106.934981,16.762718,1.0000,0.9954,0.54,2,400,co,co,Thu tu uu tien ra pha. Khong phai xac nhan an toan.
68,8895,106.939677,16.756423,1.0000,0.9954,0.24,0,600,co,co,Thu tu uu tien ra pha. Khong phai xac nhan an toan.
69,11549,106.952823,16.767214,1.0000,0.9953,0.60,1,583,co,khong,Thu tu uu tien ra pha. Khong phai xac nhan an toan.
70,25804,106.910567,16.825670,1.0000,0.9953,0.36,0,483,co,co,Thu tu uu tien ra pha. Khong phai xac nhan an toan.
71,12080,107.038274,16.769013,1.0000,0.9953,0.20,0,0,co,co,Thu tu uu tien ra pha. Khong phai xac nhan an toan.
72,12954,107.032640,16.772610,1.0000,0.9952,0.83,0,500,co,co,Thu tu uu tien ra pha. Khong phai xac nhan an toan.
73,8884,106.929347,16.756423,1.0000,0.9951,0.13,0,1249,co,co,Thu tu uu tien ra pha. Khong phai xac nhan an toan.
74,35887,106.875823,16.867039,1.0000,0.9950,0.49,0,741,co,co,Thu tu uu tien ra pha. Khong phai xac nhan an toan.
75,9210,107.028884,16.757322,1.0000,0.9950,0.38,0,483,co,co,Thu tu uu tien ra pha. Khong phai xac nhan an toan.
76,11330,106.953762,16.766315,1.0000,0.9950,0.51,1,641,co,co,Thu tu uu tien ra pha. Khong phai xac nhan an toan.
77,9114,106.938738,16.757322,1.0000,0.9950,0.39,0,500,co,co,Thu tu uu tien ra pha. Khong phai xac nhan an toan.
78,3048,107.027006,16.732141,1.0000,0.9950,0.40,1,766,co,co,Thu tu uu tien ra pha. Khong phai xac nhan an toan.
79,7796,106.940616,16.751926,1.0000,0.9949,0.63,0,1100,co,co,Thu tu uu tien ra pha. Khong phai xac nhan an toan.
80,26038,106.923713,16.826570,1.0000,0.9949,0.25,3,924,co,co,Thu tu uu tien ra pha. Khong phai xac nhan an toan.
81,9431,107.029823,16.758221,1.0000,0.9949,0.27,1,341,co,co,Thu tu uu tien ra pha. Khong phai xac nhan an toan.
82,8691,106.954701,16.755523,1.0000,0.9949,0.29,0,1590,co,co,Thu tu uu tien ra pha. Khong phai xac nhan an toan.
83,12955,107.033579,16.772610,1.0000,0.9948,0.89,0,400,co,co,Thu tu uu tien ra pha. Khong phai xac nhan an toan.
84,34321,106.851409,16.860744,1.0000,0.9948,0.05,0,900,co,co,Thu tu uu tien ra pha. Khong phai xac nhan an toan.
85,26041,106.926530,16.826570,1.0000,0.9947,0.58,1,1224,co,co,Thu tu uu tien ra pha. Khong phai xac nhan an toan.
86,8675,106.939677,16.755523,1.0000,0.9947,0.26,0,700,co,co,Thu tu uu tien ra pha. Khong phai xac nhan an toan.
87,10425,106.930286,16.762718,1.0000,0.9946,0.34,0,900,co,co,Thu tu uu tien ra pha. Khong phai xac nhan an toan.
88,7664,107.023249,16.751027,1.0000,0.9946,0.48,0,1373,co,co,Thu tu uu tien ra pha. Khong phai xac nhan an toan.
89,33241,106.870189,16.856247,1.0000,0.9946,0.11,1,1590,co,co,Thu tu uu tien ra pha. Khong phai xac nhan an toan.
90,10428,106.933103,16.762718,1.0000,0.9946,0.53,0,600,co,co,Thu tu uu tien ra pha. Khong phai xac nhan an toan.
91,21227,106.950945,16.806785,1.0000,0.9946,0.48,3,541,co,co,Thu tu uu tien ra pha. Khong phai xac nhan an toan.
92,8894,106.938738,16.756423,1.0000,0.9945,0.40,0,600,co,co,Thu tu uu tien ra pha. Khong phai xac nhan an toan.
93,12314,107.051420,16.769912,1.0000,0.9945,0.36,0,1100,co,khong,Thu tu uu tien ra pha. Khong phai xac nhan an toan.
94,11873,107.050481,16.768114,1.0000,0.9945,0.45,0,1041,co,co,Thu tu uu tien ra pha. Khong phai xac nhan an toan.
95,25360,106.906811,16.823872,1.0000,0.9944,0.27,2,849,co,co,Thu tu uu tien ra pha. Khong phai xac nhan an toan.
96,12509,107.027945,16.770812,1.0000,0.9944,0.34,0,1000,co,co,Thu tu uu tien ra pha. Khong phai xac nhan an toan.
97,6716,106.959396,16.747429,1.0000,0.9943,0.29,2,1200,co,co,Thu tu uu tien ra pha. Khong phai xac nhan an toan.
98,3276,107.034518,16.733040,1.0000,0.9943,0.24,0,500,co,co,Thu tu uu tien ra pha. Khong phai xac nhan an toan.
99,22330,106.953762,16.811281,1.0000,0.9943,0.06,0,683,co,co,Thu tu uu tien ra pha. Khong phai xac nhan an toan.
100,8471,106.954701,16.754624,1.0000,0.9942,0.19,0,1631,co,co,Thu tu uu tien ra pha. Khong phai xac nhan an toan.
101,9539,106.924652,16.759120,1.0000,0.9942,0.22,0,1624,co,co,Thu tu uu tien ra pha. Khong phai xac nhan an toan.
102,13616,107.034518,16.775308,1.0000,0.9942,0.60,3,424,co,co,Thu tu uu tien ra pha. Khong phai xac nhan an toan.
103,3927,107.026067,16.735738,1.0000,0.9942,0.39,2,1090,co,co,Thu tu uu tien ra pha. Khong phai xac nhan an toan.
104,11854,107.032640,16.768114,1.0000,0.9942,0.16,0,541,co,co,Thu tu uu tien ra pha. Khong phai xac nhan an toan.
105,8897,106.941555,16.756423,1.0000,0.9941,0.07,0,600,co,co,Thu tu uu tien ra pha. Khong phai xac nhan an toan.
106,7794,106.938738,16.751926,1.0000,0.9941,0.63,0,1100,co,co,Thu tu uu tien ra pha. Khong phai xac nhan an toan.
107,7795,106.939677,16.751926,1.0000,0.9941,0.64,0,1100,co,co,Thu tu uu tien ra pha. Khong phai xac nhan an toan.
108,14945,107.042969,16.780704,1.0000,0.9940,0.23,0,983,co,co,Thu tu uu tien ra pha. Khong phai xac nhan an toan.
109,11340,106.963152,16.766315,1.0000,0.9940,0.30,9,807,co,co,Thu tu uu tien ra pha. Khong phai xac nhan an toan.
110,28005,106.911506,16.834664,1.0000,0.9940,0.74,3,241,co,co,Thu tu uu tien ra pha. Khong phai xac nhan an toan.
111,31057,106.885213,16.847254,1.0000,0.9940,0.62,0,1700,co,co,Thu tu uu tien ra pha. Khong phai xac nhan an toan.
112,7357,106.941555,16.750127,1.0000,0.9938,0.68,2,1300,co,co,Thu tu uu tien ra pha. Khong phai xac nhan an toan.
113,8893,106.937799,16.756423,1.0000,0.9937,0.56,0,641,co,co,Thu tu uu tien ra pha. Khong phai xac nhan an toan.
114,35016,106.884274,16.863442,1.0000,0.9937,0.26,0,0,co,co,Thu tu uu tien ra pha. Khong phai xac nhan an toan.
115,12735,107.033579,16.771711,1.0000,0.9936,0.74,0,400,co,co,Thu tu uu tien ra pha. Khong phai xac nhan an toan.
116,25589,106.915262,16.824771,1.0000,0.9936,0.55,0,500,co,co,Thu tu uu tien ra pha. Khong phai xac nhan an toan.
117,17941,106.964091,16.793295,1.0000,0.9935,0.31,0,500,co,co,Thu tu uu tien ra pha. Khong phai xac nhan an toan.
118,4169,107.046725,16.736637,1.0000,0.9935,0.44,2,1473,co,co,Thu tu uu tien ra pha. Khong phai xac nhan an toan.
119,7005,107.024188,16.748329,1.0000,0.9935,0.27,0,1573,co,khong,Thu tu uu tien ra pha. Khong phai xac nhan an toan.
120,21005,106.949067,16.805885,1.0000,0.9935,0.26,0,700,co,co,Thu tu uu tien ra pha. Khong phai xac nhan an toan.
121,9146,106.968786,16.757322,1.0000,0.9934,0.69,3,1183,co,co,Thu tu uu tien ra pha. Khong phai xac nhan an toan.
122,2833,107.031701,16.731242,1.0000,0.9934,0.10,0,341,co,co,Thu tu uu tien ra pha. Khong phai xac nhan an toan.
123,4174,107.051420,16.736637,1.0000,0.9934,0.39,0,1973,co,co,Thu tu uu tien ra pha. Khong phai xac nhan an toan.
124,4537,106.979115,16.738436,1.0000,0.9934,0.41,0,807,co,co,Thu tu uu tien ra pha. Khong phai xac nhan an toan.
125,26977,106.979115,16.830167,1.0000,0.9934,0.54,0,1200,co,khong,Thu tu uu tien ra pha. Khong phai xac nhan an toan.
126,11417,107.035457,16.766315,1.0000,0.9933,0.18,0,383,co,co,Thu tu uu tien ra pha. Khong phai xac nhan an toan.
127,13187,107.044847,16.773510,1.0000,0.9933,0.21,0,441,co,co,Thu tu uu tien ra pha. Khong phai xac nhan an toan.
128,10650,106.934981,16.763617,1.0000,0.9933,0.51,4,400,co,co,Thu tu uu tien ra pha. Khong phai xac nhan an toan.
129,7812,106.955640,16.751926,1.0000,0.9933,0.08,0,1807,co,co,Thu tu uu tien ra pha. Khong phai xac nhan an toan.
130,10039,106.980993,16.760919,1.0000,0.9932,0.72,0,1790,co,khong,Thu tu uu tien ra pha. Khong phai xac nhan an toan.
131,10534,107.032640,16.762718,1.0000,0.9932,0.09,0,0,co,co,Thu tu uu tien ra pha. Khong phai xac nhan an toan.
132,21226,106.950006,16.806785,1.0000,0.9932,0.37,2,641,co,co,Thu tu uu tien ra pha. Khong phai xac nhan an toan.
133,10868,106.933103,16.764516,1.0000,0.9932,0.30,0,600,co,co,Thu tu uu tien ra pha. Khong phai xac nhan an toan.
134,32785,106.855165,16.854449,1.0000,0.9932,0.19,0,283,co,co,Thu tu uu tien ra pha. Khong phai xac nhan an toan.
135,35446,106.874884,16.865240,1.0000,0.9931,0.13,0,800,co,co,Thu tu uu tien ra pha. Khong phai xac nhan an toan.
136,9888,107.045786,16.760020,1.0000,0.9931,0.52,2,1000,co,co,Thu tu uu tien ra pha. Khong phai xac nhan an toan.
137,10866,106.931225,16.764516,1.0000,0.9931,0.20,0,800,co,co,Thu tu uu tien ra pha. Khong phai xac nhan an toan.
138,7158,106.961274,16.749228,1.0000,0.9930,0.49,5,1083,co,co,Thu tu uu tien ra pha. Khong phai xac nhan an toan.
139,26693,106.919018,16.829268,1.0000,0.9930,0.49,2,300,co,co,Thu tu uu tien ra pha. Khong phai xac nhan an toan.
140,25601,106.926530,16.824771,1.0000,0.9930,0.63,0,1307,co,co,Thu tu uu tien ra pha. Khong phai xac nhan an toan.
141,3268,107.027006,16.733040,1.0000,0.9930,0.42,2,807,co,co,Thu tu uu tien ra pha. Khong phai xac nhan an toan.
142,24282,106.927469,16.819375,1.0000,0.9929,0.52,1,1656,co,co,Thu tu uu tien ra pha. Khong phai xac nhan an toan.
143,7573,106.937799,16.751027,1.0000,0.9929,0.64,0,1241,co,khong,Thu tu uu tien ra pha. Khong phai xac nhan an toan.
144,9820,106.981933,16.760020,1.0000,0.9929,0.85,2,1731,co,khong,Thu tu uu tien ra pha. Khong phai xac nhan an toan.
145,3727,107.044847,16.734839,1.0000,0.9929,0.73,0,1190,co,co,Thu tu uu tien ra pha. Khong phai xac nhan an toan.
146,9878,107.036396,16.760020,1.0000,0.9928,0.60,1,0,co,co,Thu tu uu tien ra pha. Khong phai xac nhan an toan.
147,10436,106.940616,16.762718,1.0000,0.9927,0.62,0,0,co,co,Thu tu uu tien ra pha. Khong phai xac nhan an toan.
148,12519,107.037335,16.770812,1.0000,0.9926,0.52,2,0,co,co,Thu tu uu tien ra pha. Khong phai xac nhan an toan.
149,9819,106.980993,16.760020,1.0000,0.9926,0.64,1,1690,co,khong,Thu tu uu tien ra pha. Khong phai xac nhan an toan.
150,11634,107.032640,16.767214,1.0000,0.9926,0.09,0,500,co,co,Thu tu uu tien ra pha. Khong phai xac nhan an toan.
151,9797,106.960335,16.760020,1.0000,0.9925,0.58,1,1383,co,co,Thu tu uu tien ra pha. Khong phai xac nhan an toan.
152,26037,106.922774,16.826570,1.0000,0.9925,0.18,0,824,co,co,Thu tu uu tien ra pha. Khong phai xac nhan an toan.
153,35888,106.876762,16.867039,1.0000,0.9924,0.65,0,641,co,co,Thu tu uu tien ra pha. Khong phai xac nhan an toan.
154,9319,106.924652,16.758221,1.0000,0.9924,0.21,0,1666,co,co,Thu tu uu tien ra pha. Khong phai xac nhan an toan.
155,19046,106.968786,16.797791,1.0000,0.9924,0.08,0,1166,co,co,Thu tu uu tien ra pha. Khong phai xac nhan an toan.
156,21225,106.949067,16.806785,1.0000,0.9924,0.29,0,741,co,co,Thu tu uu tien ra pha. Khong phai xac nhan an toan.
157,12518,107.036396,16.770812,1.0000,0.9924,0.55,1,100,co,co,Thu tu uu tien ra pha. Khong phai xac nhan an toan.
158,24941,106.926530,16.822073,1.0000,0.9924,0.68,4,1431,co,co,Thu tu uu tien ra pha. Khong phai xac nhan an toan.
159,27121,106.907750,16.831066,1.0000,0.9924,0.32,1,500,co,co,Thu tu uu tien ra pha. Khong phai xac nhan an toan.
160,3503,107.041091,16.733939,1.0000,0.9924,0.62,1,807,co,co,Thu tu uu tien ra pha. Khong phai xac nhan an toan.
161,11432,107.049542,16.766315,1.0000,0.9923,0.33,0,1024,co,co,Thu tu uu tien ra pha. Khong phai xac nhan an toan.
162,13617,107.035457,16.775308,1.0000,0.9922,0.66,0,383,co,co,Thu tu uu tien ra pha. Khong phai xac nhan an toan.
163,27122,106.908689,16.831066,1.0000,0.9922,0.29,1,400,co,co,Thu tu uu tien ra pha. Khong phai xac nhan an toan.
164,2838,107.036396,16.731242,1.0000,0.9922,0.64,3,300,co,co,Thu tu uu tien ra pha. Khong phai xac nhan an toan.
165,24722,106.927469,16.821174,1.0000,0.9922,0.63,0,1573,co,co,Thu tu uu tien ra pha. Khong phai xac nhan an toan.
166,7135,106.939677,16.749228,1.0000,0.9921,0.62,0,1400,co,co,Thu tu uu tien ra pha. Khong phai xac nhan an toan.
167,21244,106.966908,16.806785,1.0000,0.9920,0.50,0,841,co,co,Thu tu uu tien ra pha. Khong phai xac nhan an toan.
168,10903,106.965969,16.764516,1.0000,0.9920,0.51,0,1131,co,co,Thu tu uu tien ra pha. Khong phai xac nhan an toan.
169,16840,106.963152,16.788798,1.0000,0.9920,0.65,3,483,co,co,Thu tu uu tien ra pha. Khong phai xac nhan an toan.
170,9116,106.940616,16.757322,1.0000,0.9919,0.13,0,500,co,co,Thu tu uu tien ra pha. Khong phai xac nhan an toan.
171,11652,107.049542,16.767214,1.0000,0.9919,0.44,0,983,co,co,Thu tu uu tien ra pha. Khong phai xac nhan an toan.
172,10479,106.980993,16.762718,1.0000,0.9918,0.81,2,1990,khong,khong,Thu tu uu tien ra pha. Khong phai xac nhan an toan.
173,19039,106.962213,16.797791,1.0000,0.9918,0.19,0,524,co,co,Thu tu uu tien ra pha. Khong phai xac nhan an toan.
174,13396,107.034518,16.774409,1.0000,0.9917,0.84,0,383,co,co,Thu tu uu tien ra pha. Khong phai xac nhan an toan.
175,21464,106.966908,16.807684,1.0000,0.9917,0.58,0,883,co,co,Thu tu uu tien ra pha. Khong phai xac nhan an toan.
176,26976,106.978176,16.830167,1.0000,0.9917,0.59,0,1100,co,khong,Thu tu uu tien ra pha. Khong phai xac nhan an toan.
177,2607,107.026067,16.730342,1.0000,0.9917,0.66,1,783,co,co,Thu tu uu tien ra pha. Khong phai xac nhan an toan.
178,10431,106.935920,16.762718,1.0000,0.9916,0.52,2,300,co,co,Thu tu uu tien ra pha. Khong phai xac nhan an toan.
179,23008,106.970664,16.813979,1.0000,0.9916,0.64,0,1524,co,co,Thu tu uu tien ra pha. Khong phai xac nhan an toan.
180,10762,107.040152,16.763617,1.0000,0.9916,0.24,0,441,co,co,Thu tu uu tien ra pha. Khong phai xac nhan an toan.
181,10214,106.938738,16.761818,1.0000,0.9916,0.54,0,0,co,co,Thu tu uu tien ra pha. Khong phai xac nhan an toan.
182,34771,106.860799,16.862542,1.0000,0.9915,0.25,1,1431,co,co,Thu tu uu tien ra pha. Khong phai xac nhan an toan.
183,34323,106.853287,16.860744,1.0000,0.9915,0.06,0,900,co,co,Thu tu uu tien ra pha. Khong phai xac nhan an toan.
184,2617,107.035457,16.730342,1.0000,0.9915,0.49,1,200,co,co,Thu tu uu tien ra pha. Khong phai xac nhan an toan.
185,9328,106.933103,16.758221,1.0000,0.9915,0.50,0,766,co,co,Thu tu uu tien ra pha. Khong phai xac nhan an toan.
186,4355,107.014798,16.737537,1.0000,0.9915,0.49,2,2314,khong,co,Thu tu uu tien ra pha. Khong phai xac nhan an toan.
187,27779,106.905872,16.833764,1.0000,0.9914,0.53,1,741,co,co,Thu tu uu tien ra pha. Khong phai xac nhan an toan.
188,21655,106.939677,16.808583,1.0000,0.9914,0.55,2,1824,co,co,Thu tu uu tien ra pha. Khong phai xac nhan an toan.
189,31275,106.883335,16.848153,1.0000,0.9913,0.47,0,1600,co,co,Thu tu uu tien ra pha. Khong phai xac nhan an toan.
190,2839,107.037335,16.731242,1.0000,0.9913,0.83,1,341,co,co,Thu tu uu tien ra pha. Khong phai xac nhan an toan.
191,13397,107.035457,16.774409,1.0000,0.9913,0.92,0,283,co,co,Thu tu uu tien ra pha. Khong phai xac nhan an toan.
192,33449,106.858921,16.857147,1.0000,0.9913,0.24,0,807,co,co,Thu tu uu tien ra pha. Khong phai xac nhan an toan.
193,9796,106.959396,16.760020,1.0000,0.9912,0.51,2,1341,co,co,Thu tu uu tien ra pha. Khong phai xac nhan an toan.
194,4358,107.017615,16.737537,1.0000,0.9912,0.36,1,2014,khong,co,Thu tu uu tien ra pha. Khong phai xac nhan an toan.
195,10981,107.039213,16.764516,1.0000,0.9912,0.25,0,383,co,co,Thu tu uu tien ra pha. Khong phai xac nhan an toan.
196,22788,106.970664,16.813080,1.0000,0.9912,0.55,0,1531,co,co,Thu tu uu tien ra pha. Khong phai xac nhan an toan.
197,30835,106.883335,16.846355,1.0000,0.9912,0.65,0,1800,co,co,Thu tu uu tien ra pha. Khong phai xac nhan an toan.
198,8903,106.947189,16.756423,1.0000,0.9912,0.48,0,807,co,co,Thu tu uu tien ra pha. Khong phai xac nhan an toan.
199,31056,106.884274,16.847254,1.0000,0.9911,0.62,0,1700,co,co,Thu tu uu tien ra pha. Khong phai xac nhan an toan.
200,9629,107.009164,16.759120,1.0000,0.9911,0.81,2,2500,khong,co,Thu tu uu tien ra pha. Khong phai xac nhan an toan.
201,4168,107.045786,16.736637,1.0000,0.9911,0.61,4,1373,co,co,Thu tu uu tien ra pha. Khong phai xac nhan an toan.
202,26475,106.920896,16.828368,1.0000,0.9910,0.15,2,541,co,co,Thu tu uu tien ra pha. Khong phai xac nhan an toan.
203,2618,107.036396,16.730342,1.0000,0.9910,0.73,1,200,co,co,Thu tu uu tien ra pha. Khong phai xac nhan an toan.
204,9567,106.950945,16.759120,1.0000,0.9909,0.18,0,1024,co,co,Thu tu uu tien ra pha. Khong phai xac nhan an toan.
205,26758,106.980054,16.829268,1.0000,0.9908,0.51,0,1300,co,khong,Thu tu uu tien ra pha. Khong phai xac nhan an toan.
206,31274,106.882396,16.848153,1.0000,0.9908,0.48,0,1600,co,khong,Thu tu uu tien ra pha. Khong phai xac nhan an toan.
207,7798,106.942494,16.751926,1.0000,0.9908,0.48,0,1100,co,co,Thu tu uu tien ra pha. Khong phai xac nhan an toan.
208,2619,107.037335,16.730342,1.0000,0.9908,0.88,0,241,co,co,Thu tu uu tien ra pha. Khong phai xac nhan an toan.
209,1739,107.037335,16.726745,1.0000,0.9907,0.29,0,100,co,co,Thu tu uu tien ra pha. Khong phai xac nhan an toan.
210,34797,106.885213,16.862542,1.0000,0.9907,0.36,0,0,co,co,Thu tu uu tien ra pha. Khong phai xac nhan an toan.
211,25585,106.911506,16.824771,1.0000,0.9907,0.28,0,541,co,co,Thu tu uu tien ra pha. Khong phai xac nhan an toan.
212,13845,107.042969,16.776208,1.0000,0.9906,0.16,0,483,co,khong,Thu tu uu tien ra pha. Khong phai xac nhan an toan.
213,7662,107.021371,16.751027,1.0000,0.9906,0.52,0,1573,co,co,Thu tu uu tien ra pha. Khong phai xac nhan an toan.
214,14052,107.030762,16.777107,1.0000,0.9906,0.38,0,907,co,co,Thu tu uu tien ra pha. Khong phai xac nhan an toan.
215,19930,106.972542,16.801389,1.0000,0.9905,0.28,0,1441,co,khong,Thu tu uu tien ra pha. Khong phai xac nhan an toan.
216,11871,107.048603,16.768114,1.0000,0.9905,0.61,1,841,co,co,Thu tu uu tien ra pha. Khong phai xac nhan an toan.
217,10480,106.981933,16.762718,1.0000,0.9905,1.10,3,2031,khong,co,Thu tu uu tien ra pha. Khong phai xac nhan an toan.
218,10621,106.907750,16.763617,1.0000,0.9905,0.72,0,3300,khong,co,Thu tu uu tien ra pha. Khong phai xac nhan an toan.
219,9759,106.924652,16.760020,1.0000,0.9905,0.25,0,1583,co,co,Thu tu uu tien ra pha. Khong phai xac nhan an toan.
220,14199,106.962213,16.778006,1.0000,0.9904,0.35,0,524,co,co,Thu tu uu tien ra pha. Khong phai xac nhan an toan.
221,15787,107.007286,16.784301,1.0000,0.9904,0.44,1,3694,khong,co,Thu tu uu tien ra pha. Khong phai xac nhan an toan.
222,28003,106.909628,16.834664,1.0000,0.9904,0.58,0,383,co,co,Thu tu uu tien ra pha. Khong phai xac nhan an toan.
223,2961,106.945311,16.732141,1.0000,0.9904,0.49,8,3238,khong,khong,Thu tu uu tien ra pha. Khong phai xac nhan an toan.
224,10262,106.983811,16.761818,1.0000,0.9903,1.39,0,2014,khong,co,Thu tu uu tien ra pha. Khong phai xac nhan an toan.
225,13979,106.962213,16.777107,1.0000,0.9903,0.54,0,483,co,co,Thu tu uu tien ra pha. Khong phai xac nhan an toan.
226,11048,106.895543,16.765416,1.0000,0.9903,0.71,0,4600,khong,khong,Thu tu uu tien ra pha. Khong phai xac nhan an toan.
227,29738,106.886152,16.841858,1.0000,0.9902,0.48,0,2300,khong,co,Thu tu uu tien ra pha. Khong phai xac nhan an toan.
228,10092,107.030762,16.760919,1.0000,0.9902,0.08,0,200,co,co,Thu tu uu tien ra pha. Khong phai xac nhan an toan.
229,4996,106.996957,16.740235,1.0000,0.9902,0.69,0,2566,khong,khong,Thu tu uu tien ra pha. Khong phai xac nhan an toan.
230,10181,106.907750,16.761818,1.0000,0.9902,0.77,0,3300,khong,co,Thu tu uu tien ra pha. Khong phai xac nhan an toan.
231,10327,107.044847,16.761818,1.0000,0.9902,0.56,0,900,co,co,Thu tu uu tien ra pha. Khong phai xac nhan an toan.
232,11773,106.956579,16.768114,1.0000,0.9902,0.61,1,400,co,co,Thu tu uu tien ra pha. Khong phai xac nhan an toan.
233,9189,107.009164,16.757322,1.0000,0.9901,0.75,1,2583,khong,co,Thu tu uu tien ra pha. Khong phai xac nhan an toan.
234,33883,106.853287,16.858945,1.0000,0.9901,0.19,0,700,co,co,Thu tu uu tien ra pha. Khong phai xac nhan an toan.
235,10401,106.907750,16.762718,1.0000,0.9901,0.77,0,3300,khong,co,Thu tu uu tien ra pha. Khong phai xac nhan an toan.
236,12953,107.031701,16.772610,1.0000,0.9900,0.76,0,600,co,co,Thu tu uu tien ra pha. Khong phai xac nhan an toan.
237,10328,107.045786,16.761818,1.0000,0.9900,0.58,0,1000,co,co,Thu tu uu tien ra pha. Khong phai xac nhan an toan.
238,3916,107.015737,16.735738,1.0000,0.9900,0.34,0,2131,khong,co,Thu tu uu tien ra pha. Khong phai xac nhan an toan.
239,10210,106.934981,16.761818,1.0000,0.9900,0.58,10,400,co,co,Thu tu uu tien ra pha. Khong phai xac nhan an toan.
240,9808,106.970664,16.760020,1.0000,0.9900,0.66,0,1400,co,co,Thu tu uu tien ra pha. Khong phai xac nhan an toan.
241,2827,107.026067,16.731242,1.0000,0.9900,0.54,2,824,co,co,Thu tu uu tien ra pha. Khong phai xac nhan an toan.
242,10840,106.906811,16.764516,1.0000,0.9900,0.58,0,3400,khong,co,Thu tu uu tien ra pha. Khong phai xac nhan an toan.
243,26759,106.980993,16.829268,1.0000,0.9900,0.47,0,1400,co,khong,Thu tu uu tien ra pha. Khong phai xac nhan an toan.
244,11049,106.896482,16.765416,1.0000,0.9900,0.73,0,4500,khong,khong,Thu tu uu tien ra pha. Khong phai xac nhan an toan.
245,29737,106.885213,16.841858,1.0000,0.9900,0.57,0,2300,khong,co,Thu tu uu tien ra pha. Khong phai xac nhan an toan.
246,10041,106.982872,16.760919,1.0000,0.9899,1.19,1,1873,khong,co,Thu tu uu tien ra pha. Khong phai xac nhan an toan.
247,15789,107.009164,16.784301,1.0000,0.9899,0.65,0,3494,khong,co,Thu tu uu tien ra pha. Khong phai xac nhan an toan.
248,4173,107.050481,16.736637,1.0000,0.9899,0.47,2,1873,co,co,Thu tu uu tien ra pha. Khong phai xac nhan an toan.
249,9627,107.007286,16.759120,1.0000,0.9899,1.12,2,2700,khong,co,Thu tu uu tien ra pha. Khong phai xac nhan an toan.
250,11117,106.960335,16.765416,1.0000,0.9899,0.49,1,783,co,co,Thu tu uu tien ra pha. Khong phai xac nhan an toan.
251,35890,106.878640,16.867039,1.0000,0.9899,0.51,1,441,co,co,Thu tu uu tien ra pha. Khong phai xac nhan an toan.
252,21450,106.953762,16.807684,1.0000,0.9899,0.26,0,283,co,co,Thu tu uu tien ra pha. Khong phai xac nhan an toan.
253,15999,106.999774,16.785201,1.0000,0.9898,0.46,0,4536,khong,khong,Thu tu uu tien ra pha. Khong phai xac nhan an toan.
254,17274,106.957518,16.790597,1.0000,0.9898,0.37,1,0,co,co,Thu tu uu tien ra pha. Khong phai xac nhan an toan.
255,22787,106.969725,16.813080,1.0000,0.9898,0.50,0,1431,co,co,Thu tu uu tien ra pha. Khong phai xac nhan an toan.
256,25161,106.926530,16.822972,1.0000,0.9897,0.66,0,1390,co,co,Thu tu uu tien ra pha. Khong phai xac nhan an toan.
257,10647,106.932164,16.763617,1.0000,0.9897,0.37,0,700,co,co,Thu tu uu tien ra pha. Khong phai xac nhan an toan.
258,27406,106.968786,16.831966,1.0000,0.9897,0.21,2,241,co,co,Thu tu uu tien ra pha. Khong phai xac nhan an toan.
259,10844,106.910567,16.764516,1.0000,0.9897,0.43,0,3000,khong,co,Thu tu uu tien ra pha. Khong phai xac nhan an toan.
260,16006,107.006347,16.785201,1.0000,0.9896,0.27,0,3836,khong,co,Thu tu uu tien ra pha. Khong phai xac nhan an toan.
261,16008,107.008225,16.785201,1.0000,0.9896,0.51,0,3636,khong,co,Thu tu uu tien ra pha. Khong phai xac nhan an toan.
262,36109,106.877701,16.867938,1.0000,0.9896,0.67,0,583,co,co,Thu tu uu tien ra pha. Khong phai xac nhan an toan.
263,10043,106.984750,16.760919,1.0000,0.9896,1.07,5,1956,khong,co,Thu tu uu tien ra pha. Khong phai xac nhan an toan.
264,10699,106.980993,16.763617,1.0000,0.9896,0.78,0,2090,khong,khong,Thu tu uu tien ra pha. Khong phai xac nhan an toan.
265,9628,107.008225,16.759120,1.0000,0.9896,0.99,2,2600,khong,co,Thu tu uu tien ra pha. Khong phai xac nhan an toan.
266,10824,106.891786,16.764516,1.0000,0.9896,0.95,0,5000,khong,co,Thu tu uu tien ra pha. Khong phai xac nhan an toan.
267,8048,106.970664,16.752825,1.0000,0.9896,0.35,0,600,co,co,Thu tu uu tien ra pha. Khong phai xac nhan an toan.
268,11267,106.894604,16.766315,1.0000,0.9896,0.84,0,4741,khong,khong,Thu tu uu tien ra pha. Khong phai xac nhan an toan.
269,10434,106.938738,16.762718,1.0000,0.9895,0.41,0,0,co,co,Thu tu uu tien ra pha. Khong phai xac nhan an toan.
270,5215,106.996018,16.741134,1.0000,0.9895,0.49,4,2424,khong,khong,Thu tu uu tien ra pha. Khong phai xac nhan an toan.
271,9821,106.982872,16.760020,1.0000,0.9895,1.00,1,1773,co,khong,Thu tu uu tien ra pha. Khong phai xac nhan an toan.
272,27359,106.924652,16.831966,1.0000,0.9895,0.24,0,900,co,co,Thu tu uu tien ra pha. Khong phai xac nhan an toan.
273,2836,107.034518,16.731242,1.0000,0.9895,0.27,1,300,co,co,Thu tu uu tien ra pha. Khong phai xac nhan an toan.
274,37849,106.858921,16.875133,1.0000,0.9894,0.49,0,2749,khong,khong,Thu tu uu tien ra pha. Khong phai xac nhan an toan.
275,7595,106.958457,16.751027,1.0000,0.9894,0.23,0,1466,co,co,Thu tu uu tien ra pha. Khong phai xac nhan an toan.
276,2166,107.025127,16.728544,1.0000,0.9894,0.85,3,800,co,co,Thu tu uu tien ra pha. Khong phai xac nhan an toan.
277,10020,106.963152,16.760919,1.0000,0.9894,0.40,0,1407,co,co,Thu tu uu tien ra pha. Khong phai xac nhan an toan.
278,10044,106.985689,16.760919,1.0000,0.9894,0.87,2,1997,khong,co,Thu tu uu tien ra pha. Khong phai xac nhan an toan.
279,9135,106.958457,16.757322,1.0000,0.9894,0.37,2,1600,co,co,Thu tu uu tien ra pha. Khong phai xac nhan an toan.
280,26039,106.924652,16.826570,1.0000,0.9894,0.38,0,1024,co,co,Thu tu uu tien ra pha. Khong phai xac nhan an toan.
281,3183,106.947189,16.733040,1.0000,0.9894,0.48,2,2997,khong,khong,Thu tu uu tien ra pha. Khong phai xac nhan an toan.
282,9188,107.008225,16.757322,1.0000,0.9894,0.80,2,2683,khong,co,Thu tu uu tien ra pha. Khong phai xac nhan an toan.
283,3493,107.031701,16.733939,1.0000,0.9893,0.16,1,641,co,co,Thu tu uu tien ra pha. Khong phai xac nhan an toan.
284,17720,106.963152,16.792395,1.0000,0.9893,0.50,0,400,co,co,Thu tu uu tien ra pha. Khong phai xac nhan an toan.
285,9964,106.910567,16.760919,1.0000,0.9893,0.60,0,3041,khong,co,Thu tu uu tien ra pha. Khong phai xac nhan an toan.
286,10429,106.934042,16.762718,1.0000,0.9892,0.53,2,500,co,co,Thu tu uu tien ra pha. Khong phai xac nhan an toan.
287,7575,106.939677,16.751027,1.0000,0.9892,0.72,0,1200,co,co,Thu tu uu tien ra pha. Khong phai xac nhan an toan.
288,10259,106.980993,16.761818,1.0000,0.9891,0.78,0,1890,khong,khong,Thu tu uu tien ra pha. Khong phai xac nhan an toan.
289,3060,107.038274,16.732141,1.0000,0.9891,0.77,0,483,co,co,Thu tu uu tien ra pha. Khong phai xac nhan an toan.
290,8908,106.951884,16.756423,1.0000,0.9891,0.16,0,1249,co,co,Thu tu uu tien ra pha. Khong phai xac nhan an toan.
291,6939,106.962213,16.748329,1.0000,0.9891,0.56,2,941,co,co,Thu tu uu tien ra pha. Khong phai xac nhan an toan.
292,25577,106.903994,16.824771,1.0000,0.9891,0.33,3,1107,co,co,Thu tu uu tien ra pha. Khong phai xac nhan an toan.
293,7443,107.022310,16.750127,1.0000,0.9891,0.63,0,1514,co,co,Thu tu uu tien ra pha. Khong phai xac nhan an toan.
294,27342,106.908689,16.831966,1.0000,0.9890,0.31,2,400,co,co,Thu tu uu tien ra pha. Khong phai xac nhan an toan.
295,25824,106.929347,16.825670,1.0000,0.9890,0.42,2,1566,co,co,Thu tu uu tien ra pha. Khong phai xac nhan an toan.
296,11268,106.895543,16.766315,1.0000,0.9890,0.77,0,4641,khong,khong,Thu tu uu tien ra pha. Khong phai xac nhan an toan.
297,10019,106.962213,16.760919,1.0000,0.9890,0.52,0,1366,co,co,Thu tu uu tien ra pha. Khong phai xac nhan an toan.
298,10435,106.939677,16.762718,1.0000,0.9890,0.49,0,0,co,co,Thu tu uu tien ra pha. Khong phai xac nhan an toan.
299,10403,106.909628,16.762718,1.0000,0.9889,0.71,0,3100,khong,co,Thu tu uu tien ra pha. Khong phai xac nhan an toan.
300,3879,106.980993,16.735738,1.0000,0.9889,0.43,0,1190,co,khong,Thu tu uu tien ra pha. Khong phai xac nhan an toan.
301,8455,106.939677,16.754624,1.0000,0.9889,0.32,0,800,co,co,Thu tu uu tien ra pha. Khong phai xac nhan an toan.
302,13175,107.033579,16.773510,1.0000,0.9889,0.88,0,441,co,co,Thu tu uu tien ra pha. Khong phai xac nhan an toan.
303,30175,106.883335,16.843657,1.0000,0.9889,0.66,0,2100,co,co,Thu tu uu tien ra pha. Khong phai xac nhan an toan.
304,17494,106.957518,16.791496,1.0000,0.9889,0.31,2,0,co,co,Thu tu uu tien ra pha. Khong phai xac nhan an toan.
305,27124,106.910567,16.831066,1.0000,0.9888,0.41,2,200,co,co,Thu tu uu tien ra pha. Khong phai xac nhan an toan.
306,9889,107.046725,16.760020,1.0000,0.9888,0.52,2,1100,co,co,Thu tu uu tien ra pha. Khong phai xac nhan an toan.
307,10876,106.940616,16.764516,1.0000,0.9888,0.28,0,0,co,co,Thu tu uu tien ra pha. Khong phai xac nhan an toan.
308,5416,106.978176,16.742033,1.0000,0.9888,0.33,0,483,co,co,Thu tu uu tien ra pha. Khong phai xac nhan an toan.
309,7576,106.940616,16.751027,1.0000,0.9888,0.72,1,1200,co,co,Thu tu uu tien ra pha. Khong phai xac nhan an toan.
310,4149,107.027945,16.736637,1.0000,0.9888,0.42,0,1107,co,co,Thu tu uu tien ra pha. Khong phai xac nhan an toan.
311,10610,106.897421,16.763617,1.0000,0.9888,0.67,0,4400,khong,khong,Thu tu uu tien ra pha. Khong phai xac nhan an toan.
312,10023,106.965969,16.760919,1.0000,0.9887,0.48,3,1531,co,co,Thu tu uu tien ra pha. Khong phai xac nhan an toan.
313,17061,106.964091,16.789697,1.0000,0.9887,0.71,1,541,co,co,Thu tu uu tien ra pha. Khong phai xac nhan an toan.
314,7574,106.938738,16.751027,1.0000,0.9887,0.69,0,1200,co,khong,Thu tu uu tien ra pha. Khong phai xac nhan an toan.
315,14509,107.046725,16.778906,1.0000,0.9887,0.50,1,949,co,co,Thu tu uu tien ra pha. Khong phai xac nhan an toan.
316,7793,106.937799,16.751926,1.0000,0.9887,0.60,0,1141,co,co,Thu tu uu tien ra pha. Khong phai xac nhan an toan.
317,30395,106.883335,16.844556,1.0000,0.9886,0.69,0,2000,co,co,Thu tu uu tien ra pha. Khong phai xac nhan an toan.
318,3509,107.046725,16.733939,1.0000,0.9886,0.42,2,1349,co,co,Thu tu uu tien ra pha. Khong phai xac nhan an toan.
319,8968,107.008225,16.756423,1.0000,0.9886,0.63,2,2724,khong,co,Thu tu uu tien ra pha. Khong phai xac nhan an toan.
320,14944,107.042030,16.780704,1.0000,0.9886,0.23,0,941,co,co,Thu tu uu tien ra pha. Khong phai xac nhan an toan.
321,10481,106.982872,16.762718,1.0000,0.9886,1.35,0,2073,khong,co,Thu tu uu tien ra pha. Khong phai xac nhan an toan.
322,5698,107.036396,16.742933,1.0000,0.9885,0.32,3,1600,co,khong,Thu tu uu tien ra pha. Khong phai xac nhan an toan.
323,9807,106.969725,16.760020,1.0000,0.9885,0.75,3,1441,co,co,Thu tu uu tien ra pha. Khong phai xac nhan an toan.
324,25294,107.051420,16.822972,1.0000,0.9885,0.25,0,100,co,khong,Thu tu uu tien ra pha. Khong phai xac nhan an toan.
325,26539,106.980993,16.828368,1.0000,0.9885,0.53,0,1400,co,khong,Thu tu uu tien ra pha. Khong phai xac nhan an toan.
326,12866,106.950006,16.772610,1.0000,0.9885,0.33,0,500,co,co,Thu tu uu tien ra pha. Khong phai xac nhan an toan.
327,19706,106.968786,16.800489,1.0000,0.9885,0.25,0,1083,co,co,Thu tu uu tien ra pha. Khong phai xac nhan an toan.
328,11331,106.954701,16.766315,1.0000,0.9884,0.53,1,600,co,co,Thu tu uu tien ra pha. Khong phai xac nhan an toan.
329,26900,106.906811,16.830167,1.0000,0.9884,0.30,3,600,co,co,Thu tu uu tien ra pha. Khong phai xac nhan an toan.
330,25805,106.911506,16.825670,1.0000,0.9884,0.36,0,441,co,co,Thu tu uu tien ra pha. Khong phai xac nhan an toan.
331,10110,107.047664,16.760919,1.0000,0.9884,0.43,0,1190,co,co,Thu tu uu tien ra pha. Khong phai xac nhan an toan.
332,4099,106.980993,16.736637,1.0000,0.9884,0.44,0,1090,co,khong,Thu tu uu tien ra pha. Khong phai xac nhan an toan.
333,10209,106.934042,16.761818,1.0000,0.9884,0.62,0,500,co,co,Thu tu uu tien ra pha. Khong phai xac nhan an toan.
334,26319,106.980993,16.827469,1.0000,0.9883,0.48,0,1400,co,khong,Thu tu uu tien ra pha. Khong phai xac nhan an toan.
335,10460,106.963152,16.762718,1.0000,0.9883,0.40,0,1207,co,co,Thu tu uu tien ra pha. Khong phai xac nhan an toan.
336,10842,106.908689,16.764516,1.0000,0.9883,0.60,0,3200,khong,co,Thu tu uu tien ra pha. Khong phai xac nhan an toan.
337,28243,106.928408,16.835563,1.0000,0.9883,0.58,0,1424,co,khong,Thu tu uu tien ra pha. Khong phai xac nhan an toan.
338,21670,106.953762,16.808583,1.0000,0.9883,0.15,0,383,co,co,Thu tu uu tien ra pha. Khong phai xac nhan an toan.
339,16448,107.008225,16.786999,1.0000,0.9883,0.48,0,3763,khong,co,Thu tu uu tien ra pha. Khong phai xac nhan an toan.
340,11867,107.044847,16.768114,1.0000,0.9883,0.60,0,441,co,co,Thu tu uu tien ra pha. Khong phai xac nhan an toan.
341,9604,106.985689,16.759120,1.0000,0.9882,0.74,3,1797,co,khong,Thu tu uu tien ra pha. Khong phai xac nhan an toan.
342,11530,106.934981,16.767214,1.0000,0.9882,0.21,0,483,co,co,Thu tu uu tien ra pha. Khong phai xac nhan an toan.
343,11054,106.901177,16.765416,1.0000,0.9882,0.57,0,4000,khong,khong,Thu tu uu tien ra pha. Khong phai xac nhan an toan.
344,26902,106.908689,16.830167,1.0000,0.9882,0.27,1,400,co,co,Thu tu uu tien ra pha. Khong phai xac nhan an toan.
345,10609,106.896482,16.763617,1.0000,0.9882,0.55,0,4500,khong,khong,Thu tu uu tien ra pha. Khong phai xac nhan an toan.
346,3947,107.044847,16.735738,1.0000,0.9882,0.77,2,1231,co,co,Thu tu uu tien ra pha. Khong phai xac nhan an toan.
347,14505,107.042969,16.778906,1.0000,0.9882,0.26,0,783,co,co,Thu tu uu tien ra pha. Khong phai xac nhan an toan.
348,11052,106.899299,16.765416,1.0000,0.9882,0.87,0,4200,khong,khong,Thu tu uu tien ra pha. Khong phai xac nhan an toan.
349,10920,106.981933,16.764516,1.0000,0.9881,0.75,0,2231,khong,co,Thu tu uu tien ra pha. Khong phai xac nhan an toan.
350,14054,107.032640,16.777107,1.0000,0.9881,0.34,0,707,co,co,Thu tu uu tien ra pha. Khong phai xac nhan an toan.
351,10921,106.982872,16.764516,1.0000,0.9881,0.85,0,2273,khong,co,Thu tu uu tien ra pha. Khong phai xac nhan an toan.
352,16449,107.009164,16.786999,1.0000,0.9881,0.57,0,3663,khong,co,Thu tu uu tien ra pha. Khong phai xac nhan an toan.
353,10625,106.911506,16.763617,1.0000,0.9881,0.52,0,2900,khong,khong,Thu tu uu tien ra pha. Khong phai xac nhan an toan.
354,29315,106.902116,16.840059,1.0000,0.9881,0.23,0,1431,co,co,Thu tu uu tien ra pha. Khong phai xac nhan an toan.
355,17753,106.994140,16.792395,1.0000,0.9881,0.50,0,3700,khong,khong,Thu tu uu tien ra pha. Khong phai xac nhan an toan.
356,25370,106.916201,16.823872,1.0000,0.9880,0.45,2,600,co,co,Thu tu uu tien ra pha. Khong phai xac nhan an toan.
357,10701,106.982872,16.763617,1.0000,0.9880,1.16,0,2173,khong,co,Thu tu uu tien ra pha. Khong phai xac nhan an toan.
358,31516,106.903055,16.849053,1.0000,0.9879,0.60,0,2214,khong,khong,Thu tu uu tien ra pha. Khong phai xac nhan an toan.
359,8054,106.976298,16.752825,1.0000,0.9879,0.38,0,683,co,co,Thu tu uu tien ra pha. Khong phai xac nhan an toan.
360,37630,106.859860,16.874234,1.0000,0.9878,0.46,0,2690,khong,khong,Thu tu uu tien ra pha. Khong phai xac nhan an toan.
361,9845,107.005408,16.760020,1.0000,0.9878,0.83,0,2900,khong,co,Thu tu uu tien ra pha. Khong phai xac nhan an toan.
362,5847,106.969725,16.743832,0.8928,0.9878,0.41,2,100,co,co,Thu tu uu tien ra pha. Khong phai xac nhan an toan.
363,10702,106.983811,16.763617,1.0000,0.9878,1.21,0,2214,khong,co,Thu tu uu tien ra pha. Khong phai xac nhan an toan.
364,11121,106.964091,16.765416,1.0000,0.9877,0.41,4,949,co,co,Thu tu uu tien ra pha. Khong phai xac nhan an toan.
365,630,107.028884,16.722248,1.0000,0.9877,0.28,0,524,co,co,Thu tu uu tien ra pha. Khong phai xac nhan an toan.
366,4995,106.996018,16.740235,1.0000,0.9877,0.54,2,2466,khong,khong,Thu tu uu tien ra pha. Khong phai xac nhan an toan.
367,24935,106.920896,16.822073,1.0000,0.9876,0.19,0,1007,co,co,Thu tu uu tien ra pha. Khong phai xac nhan an toan.
368,10331,107.048603,16.761818,1.0000,0.9876,0.42,0,1131,co,co,Thu tu uu tien ra pha. Khong phai xac nhan an toan.
369,10241,106.964091,16.761818,1.0000,0.9876,0.31,12,1349,co,co,Thu tu uu tien ra pha. Khong phai xac nhan an toan.
370,29736,106.884274,16.841858,1.0000,0.9876,0.62,0,2300,khong,co,Thu tu uu tien ra pha. Khong phai xac nhan an toan.
371,7578,106.942494,16.751027,1.0000,0.9875,0.52,2,1200,co,co,Thu tu uu tien ra pha. Khong phai xac nhan an toan.
372,7107,106.913384,16.749228,1.0000,0.9875,0.40,0,3280,khong,khong,Thu tu uu tien ra pha. Khong phai xac nhan an toan.
373,10628,106.914323,16.763617,1.0000,0.9875,0.48,0,2600,khong,khong,Thu tu uu tien ra pha. Khong phai xac nhan an toan.
374,10040,106.981933,16.760919,1.0000,0.9875,0.99,1,1831,co,co,Thu tu uu tien ra pha. Khong phai xac nhan an toan.
375,27635,106.977237,16.832865,1.0000,0.9874,0.41,0,1124,co,khong,Thu tu uu tien ra pha. Khong phai xac nhan an toan.
376,33892,106.861738,16.858945,1.0000,0.9874,0.16,0,1190,co,khong,Thu tu uu tien ra pha. Khong phai xac nhan an toan.
377,10845,106.911506,16.764516,1.0000,0.9874,0.44,0,2900,khong,khong,Thu tu uu tien ra pha. Khong phai xac nhan an toan.
378,10260,106.981933,16.761818,1.0000,0.9874,1.09,5,1931,khong,co,Thu tu uu tien ra pha. Khong phai xac nhan an toan.
379,22746,106.931225,16.813080,1.0000,0.9874,0.39,0,2463,khong,khong,Thu tu uu tien ra pha. Khong phai xac nhan an toan.
380,11489,106.896482,16.767214,1.0000,0.9874,0.58,0,4583,khong,khong,Thu tu uu tien ra pha. Khong phai xac nhan an toan.
381,9848,107.008225,16.760020,1.0000,0.9874,0.89,1,2600,khong,co,Thu tu uu tien ra pha. Khong phai xac nhan an toan.
382,27343,106.909628,16.831966,0.8905,0.9873,0.34,1,300,co,co,Thu tu uu tien ra pha. Khong phai xac nhan an toan.
383,12962,107.040152,16.772610,0.8790,0.9873,0.26,0,0,co,co,Thu tu uu tien ra pha. Khong phai xac nhan an toan.
384,5015,107.014798,16.740235,1.0000,0.9873,0.48,3,2438,khong,khong,Thu tu uu tien ra pha. Khong phai xac nhan an toan.
385,3440,106.981933,16.733939,1.0000,0.9873,0.60,1,1431,co,khong,Thu tu uu tien ra pha. Khong phai xac nhan an toan.
386,36995,106.883335,16.871536,1.0000,0.9873,0.07,0,600,co,co,Thu tu uu tien ra pha. Khong phai xac nhan an toan.
387,6935,106.958457,16.748329,1.0000,0.9873,0.33,0,1341,co,co,Thu tu uu tien ra pha. Khong phai xac nhan an toan.
388,9601,106.982872,16.759120,1.0000,0.9873,0.82,0,1673,co,khong,Thu tu uu tien ra pha. Khong phai xac nhan an toan.
389,11564,106.966908,16.767214,1.0000,0.9873,0.67,0,1107,co,co,Thu tu uu tien ra pha. Khong phai xac nhan an toan.
390,31736,106.903055,16.849952,1.0000,0.9873,0.56,0,2314,khong,khong,Thu tu uu tien ra pha. Khong phai xac nhan an toan.
391,10832,106.899299,16.764516,1.0000,0.9872,0.92,0,4200,khong,khong,Thu tu uu tien ra pha. Khong phai xac nhan an toan.
392,11062,106.908689,16.765416,1.0000,0.9872,0.49,0,3200,khong,khong,Thu tu uu tien ra pha. Khong phai xac nhan an toan.
393,16450,107.010103,16.786999,1.0000,0.9872,0.56,0,3563,khong,khong,Thu tu uu tien ra pha. Khong phai xac nhan an toan.
394,17500,106.963152,16.791496,0.8998,0.9871,0.61,0,400,co,co,Thu tu uu tien ra pha. Khong phai xac nhan an toan.
395,6295,106.977237,16.745631,0.8719,0.9871,0.48,1,300,co,co,Thu tu uu tien ra pha. Khong phai xac nhan an toan.
396,31515,106.902116,16.849053,1.0000,0.9871,0.56,0,2256,khong,khong,Thu tu uu tien ra pha. Khong phai xac nhan an toan.
397,6937,106.960335,16.748329,1.0000,0.9871,0.44,0,1141,co,co,Thu tu uu tien ra pha. Khong phai xac nhan an toan.
398,31735,106.902116,16.849952,1.0000,0.9871,0.51,0,2280,khong,khong,Thu tu uu tien ra pha. Khong phai xac nhan an toan.
399,4165,107.042969,16.736637,1.0000,0.9871,0.52,0,1190,co,co,Thu tu uu tien ra pha. Khong phai xac nhan an toan.
400,31517,106.903994,16.849053,1.0000,0.9870,0.53,0,2173,khong,khong,Thu tu uu tien ra pha. Khong phai xac nhan an toan.
401,10426,106.931225,16.762718,1.0000,0.9870,0.46,0,800,co,co,Thu tu uu tien ra pha. Khong phai xac nhan an toan.
402,8271,106.973481,16.753725,1.0000,0.9869,0.24,0,700,co,co,Thu tu uu tien ra pha. Khong phai xac nhan an toan.
403,5127,106.913384,16.741134,1.0000,0.9869,0.53,0,3653,khong,khong,Thu tu uu tien ra pha. Khong phai xac nhan an toan.
404,8965,107.005408,16.756423,1.0000,0.9869,0.56,0,3024,khong,co,Thu tu uu tien ra pha. Khong phai xac nhan an toan.
405,3662,106.983811,16.734839,1.0000,0.9869,0.48,2,1414,co,khong,Thu tu uu tien ra pha. Khong phai xac nhan an toan.
406,11487,106.894604,16.767214,1.0000,0.9869,0.80,0,4783,khong,khong,Thu tu uu tien ra pha. Khong phai xac nhan an toan.
407,1710,107.010103,16.726745,1.0000,0.9868,0.48,0,2400,khong,khong,Thu tu uu tien ra pha. Khong phai xac nhan an toan.
408,10042,106.983811,16.760919,1.0000,0.9868,1.22,1,1914,khong,co,Thu tu uu tien ra pha. Khong phai xac nhan an toan.
409,5845,106.967847,16.743832,0.8810,0.9867,0.40,0,300,co,co,Thu tu uu tien ra pha. Khong phai xac nhan an toan.
410,29975,106.902116,16.842757,1.0000,0.9867,0.71,2,1556,co,khong,Thu tu uu tien ra pha. Khong phai xac nhan an toan.
411,7325,106.911506,16.750127,1.0000,0.9867,0.47,0,3438,khong,khong,Thu tu uu tien ra pha. Khong phai xac nhan an toan.
412,29093,106.900238,16.839160,1.0000,0.9867,0.27,0,1590,co,co,Thu tu uu tien ra pha. Khong phai xac nhan an toan.
413,10067,107.007286,16.760919,1.0000,0.9867,0.76,0,2700,khong,khong,Thu tu uu tien ra pha. Khong phai xac nhan an toan.
414,10384,106.891786,16.762718,1.0000,0.9867,0.95,0,5000,khong,co,Thu tu uu tien ra pha. Khong phai xac nhan an toan.
415,5347,106.913384,16.742033,1.0000,0.9867,0.50,0,3611,khong,khong,Thu tu uu tien ra pha. Khong phai xac nhan an toan.
416,10604,106.891786,16.763617,1.0000,0.9867,0.96,0,5000,khong,co,Thu tu uu tien ra pha. Khong phai xac nhan an toan.
417,12785,106.873945,16.772610,1.0000,0.9866,0.86,2,5400,khong,khong,Thu tu uu tien ra pha. Khong phai xac nhan an toan.
418,11488,106.895543,16.767214,1.0000,0.9866,0.70,0,4683,khong,khong,Thu tu uu tien ra pha. Khong phai xac nhan an toan.
419,9963,106.909628,16.760919,1.0000,0.9866,0.72,0,3141,khong,co,Thu tu uu tien ra pha. Khong phai xac nhan an toan.
420,11051,106.898360,16.765416,1.0000,0.9866,0.86,0,4300,khong,khong,Thu tu uu tien ra pha. Khong phai xac nhan an toan.
421,16219,106.999774,16.786100,1.0000,0.9865,0.40,0,4507,khong,khong,Thu tu uu tien ra pha. Khong phai xac nhan an toan.
422,27414,106.976298,16.831966,1.0000,0.9865,0.41,0,983,co,khong,Thu tu uu tien ra pha. Khong phai xac nhan an toan.
423,5013,107.012920,16.740235,1.0000,0.9865,0.42,0,2638,khong,khong,Thu tu uu tien ra pha. Khong phai xac nhan an toan.
424,10297,107.016676,16.761818,1.0000,0.9865,0.40,0,1700,co,co,Thu tu uu tien ra pha. Khong phai xac nhan an toan.
425,8434,106.919957,16.754624,1.0000,0.9865,0.56,0,2331,khong,khong,Thu tu uu tien ra pha. Khong phai xac nhan an toan.
426,10066,107.006347,16.760919,1.0000,0.9864,0.74,0,2800,khong,khong,Thu tu uu tien ra pha. Khong phai xac nhan an toan.
427,28002,106.908689,16.834664,0.8612,0.9864,0.52,2,483,co,co,Thu tu uu tien ra pha. Khong phai xac nhan an toan.
428,22745,106.930286,16.813080,1.0000,0.9863,0.38,0,2421,khong,khong,Thu tu uu tien ra pha. Khong phai xac nhan an toan.
429,2399,107.037335,16.729443,0.8272,0.9863,0.82,1,141,co,co,Thu tu uu tien ra pha. Khong phai xac nhan an toan.
430,9110,106.934981,16.757322,0.8946,0.9863,0.48,1,666,co,co,Thu tu uu tien ra pha. Khong phai xac nhan an toan.
431,31956,106.903055,16.850851,1.0000,0.9862,0.42,0,2338,khong,khong,Thu tu uu tien ra pha. Khong phai xac nhan an toan.
432,13844,107.042030,16.776208,0.8780,0.9862,0.18,0,441,co,co,Thu tu uu tien ra pha. Khong phai xac nhan an toan.
433,10404,106.910567,16.762718,1.0000,0.9862,0.60,0,3000,khong,co,Thu tu uu tien ra pha. Khong phai xac nhan an toan.
434,22524,106.929347,16.812180,1.0000,0.9861,0.39,0,2480,khong,khong,Thu tu uu tien ra pha. Khong phai xac nhan an toan.
435,11050,106.897421,16.765416,1.0000,0.9860,0.79,0,4400,khong,khong,Thu tu uu tien ra pha. Khong phai xac nhan an toan.
436,18158,106.961274,16.794194,0.8280,0.9860,0.41,0,200,co,co,Thu tu uu tien ra pha. Khong phai xac nhan an toan.
437,31738,106.904933,16.849952,1.0000,0.9860,0.45,0,2231,khong,khong,Thu tu uu tien ra pha. Khong phai xac nhan an toan.
438,7326,106.912445,16.750127,1.0000,0.9860,0.47,0,3338,khong,khong,Thu tu uu tien ra pha. Khong phai xac nhan an toan.
439,10904,106.966908,16.764516,1.0000,0.9860,0.51,2,1231,co,co,Thu tu uu tien ra pha. Khong phai xac nhan an toan.
440,4909,106.915262,16.740235,1.0000,0.9860,0.48,0,3494,khong,khong,Thu tu uu tien ra pha. Khong phai xac nhan an toan.
441,11047,106.894604,16.765416,1.0000,0.9859,0.72,0,4700,khong,khong,Thu tu uu tien ra pha. Khong phai xac nhan an toan.
442,14508,107.045786,16.778906,0.8963,0.9859,0.43,0,907,co,co,Thu tu uu tien ra pha. Khong phai xac nhan an toan.
443,3181,106.945311,16.733040,1.0000,0.9859,0.43,4,3197,khong,khong,Thu tu uu tien ra pha. Khong phai xac nhan an toan.
444,1004,106.966908,16.724047,1.0000,0.9859,0.54,0,2366,khong,khong,Thu tu uu tien ra pha. Khong phai xac nhan an toan.
445,7547,106.913384,16.751027,1.0000,0.9858,0.41,0,3197,khong,khong,Thu tu uu tien ra pha. Khong phai xac nhan an toan.
446,10385,106.892725,16.762718,1.0000,0.9858,0.71,0,4900,khong,khong,Thu tu uu tien ra pha. Khong phai xac nhan an toan.
447,12081,107.039213,16.769013,0.8028,0.9858,0.16,2,0,co,co,Thu tu uu tien ra pha. Khong phai xac nhan an toan.
448,1005,106.967847,16.724047,1.0000,0.9858,0.58,0,2324,khong,khong,Thu tu uu tien ra pha. Khong phai xac nhan an toan.
449,16218,106.998835,16.786100,1.0000,0.9858,0.45,0,4407,khong,khong,Thu tu uu tien ra pha. Khong phai xac nhan an toan.
450,12551,106.860799,16.771711,1.0000,0.9858,0.82,1,5956,khong,khong,Thu tu uu tien ra pha. Khong phai xac nhan an toan.
451,7546,106.912445,16.751027,1.0000,0.9858,0.42,0,3297,khong,khong,Thu tu uu tien ra pha. Khong phai xac nhan an toan.
452,7105,106.911506,16.749228,1.0000,0.9857,0.48,0,3480,khong,khong,Thu tu uu tien ra pha. Khong phai xac nhan an toan.
453,34795,106.883335,16.862542,0.8272,0.9857,0.44,0,0,co,co,Thu tu uu tien ra pha. Khong phai xac nhan an toan.
454,12299,107.037335,16.769912,0.8001,0.9857,0.32,1,0,co,co,Thu tu uu tien ra pha. Khong phai xac nhan an toan.
455,11060,106.906811,16.765416,1.0000,0.9856,0.48,0,3400,khong,khong,Thu tu uu tien ra pha. Khong phai xac nhan an toan.
456,5014,107.013859,16.740235,1.0000,0.9856,0.48,0,2538,khong,khong,Thu tu uu tien ra pha. Khong phai xac nhan an toan.
457,10704,106.985689,16.763617,1.0000,0.9856,0.91,1,2297,khong,co,Thu tu uu tien ra pha. Khong phai xac nhan an toan.
458,5216,106.996957,16.741134,1.0000,0.9856,0.65,2,2524,khong,khong,Thu tu uu tien ra pha. Khong phai xac nhan an toan.
459,4908,106.914323,16.740235,1.0000,0.9855,0.51,0,3594,khong,khong,Thu tu uu tien ra pha. Khong phai xac nhan an toan.
460,9216,107.034518,16.757322,0.8516,0.9855,0.35,0,200,co,co,Thu tu uu tien ra pha. Khong phai xac nhan an toan.
461,20567,106.950945,16.804087,0.8327,0.9854,0.22,0,500,co,co,Thu tu uu tien ra pha. Khong phai xac nhan an toan.
462,11269,106.896482,16.766315,1.0000,0.9854,0.70,0,4541,khong,khong,Thu tu uu tien ra pha. Khong phai xac nhan an toan.
463,28001,106.907750,16.834664,0.8379,0.9854,0.46,2,583,co,co,Thu tu uu tien ra pha. Khong phai xac nhan an toan.
464,11053,106.900238,16.765416,1.0000,0.9854,0.77,0,4100,khong,khong,Thu tu uu tien ra pha. Khong phai xac nhan an toan.
465,15572,107.011981,16.783402,1.0000,0.9854,0.42,2,3197,khong,khong,Thu tu uu tien ra pha. Khong phai xac nhan an toan.
466,8751,107.011042,16.755523,1.0000,0.9854,0.73,0,2466,khong,khong,Thu tu uu tien ra pha. Khong phai xac nhan an toan.
467,19694,106.957518,16.800489,0.8064,0.9852,0.21,0,200,co,co,Thu tu uu tien ra pha. Khong phai xac nhan an toan.
468,11552,106.955640,16.767214,0.8859,0.9852,0.63,2,500,co,co,Thu tu uu tien ra pha. Khong phai xac nhan an toan.
469,30176,106.884274,16.843657,1.0000,0.9852,0.84,0,2100,co,co,Thu tu uu tien ra pha. Khong phai xac nhan an toan.
470,8049,106.971603,16.752825,0.8778,0.9852,0.29,0,600,co,co,Thu tu uu tien ra pha. Khong phai xac nhan an toan.
471,7616,106.978176,16.751027,0.8741,0.9852,0.43,0,566,co,co,Thu tu uu tien ra pha. Khong phai xac nhan an toan.
472,24495,106.920896,16.820274,0.9018,0.9852,0.27,0,1207,co,co,Thu tu uu tien ra pha. Khong phai xac nhan an toan.
473,9805,106.967847,16.760020,0.8953,0.9852,0.74,0,1524,co,co,Thu tu uu tien ra pha. Khong phai xac nhan an toan.
474,11610,107.010103,16.767214,1.0000,0.9851,0.46,0,2607,khong,khong,Thu tu uu tien ra pha. Khong phai xac nhan an toan.
475,27349,106.915262,16.831966,0.7719,0.9851,0.75,2,0,co,co,Thu tu uu tien ra pha. Khong phai xac nhan an toan.
476,31273,106.881457,16.848153,0.8930,0.9850,0.50,0,1641,co,khong,Thu tu uu tien ra pha. Khong phai xac nhan an toan.
477,26251,106.917140,16.827469,0.8014,0.9850,0.69,2,241,co,co,Thu tu uu tien ra pha. Khong phai xac nhan an toan.
478,9630,107.010103,16.759120,1.0000,0.9849,0.65,0,2400,khong,khong,Thu tu uu tien ra pha. Khong phai xac nhan an toan.
479,10261,106.982872,16.761818,1.0000,0.9849,1.34,2,1973,khong,co,Thu tu uu tien ra pha. Khong phai xac nhan an toan.
480,9523,106.909628,16.759120,1.0000,0.9849,0.49,0,3224,khong,khong,Thu tu uu tien ra pha. Khong phai xac nhan an toan.
481,4907,106.913384,16.740235,1.0000,0.9849,0.46,0,3694,khong,khong,Thu tu uu tien ra pha. Khong phai xac nhan an toan.
482,8702,106.965030,16.755523,0.8758,0.9848,0.28,1,1149,co,co,Thu tu uu tien ra pha. Khong phai xac nhan an toan.
483,11273,106.900238,16.766315,1.0000,0.9848,0.60,0,4141,khong,khong,Thu tu uu tien ra pha. Khong phai xac nhan an toan.
484,26521,106.964091,16.828368,0.8197,0.9848,0.21,0,0,co,co,Thu tu uu tien ra pha. Khong phai xac nhan an toan.
485,26689,106.915262,16.829268,0.7644,0.9847,0.86,1,0,co,co,Thu tu uu tien ra pha. Khong phai xac nhan an toan.
486,35447,106.875823,16.865240,0.8510,0.9847,0.23,0,700,co,co,Thu tu uu tien ra pha. Khong phai xac nhan an toan.
487,10461,106.964091,16.762718,0.8862,0.9847,0.29,0,1249,co,co,Thu tu uu tien ra pha. Khong phai xac nhan an toan.
488,13618,107.036396,16.775308,0.8110,0.9847,0.71,0,341,co,co,Thu tu uu tien ra pha. Khong phai xac nhan an toan.
489,5234,107.013859,16.741134,1.0000,0.9846,0.50,0,2580,khong,khong,Thu tu uu tien ra pha. Khong phai xac nhan an toan.
490,4775,106.996018,16.739335,1.0000,0.9846,0.50,5,2507,khong,khong,Thu tu uu tien ra pha. Khong phai xac nhan an toan.
491,12734,107.032640,16.771711,0.8183,0.9845,0.76,0,500,co,co,Thu tu uu tien ra pha. Khong phai xac nhan an toan.
492,11201,107.039213,16.765416,0.8044,0.9845,0.30,0,400,co,co,Thu tu uu tien ra pha. Khong phai xac nhan an toan.
493,10714,106.995079,16.763617,1.0000,0.9845,0.37,0,2946,khong,khong,Thu tu uu tien ra pha. Khong phai xac nhan an toan.
494,28875,106.902116,16.838261,0.8440,0.9845,0.21,0,1349,co,co,Thu tu uu tien ra pha. Khong phai xac nhan an toan.
495,10238,106.961274,16.761818,0.8696,0.9845,0.69,0,1224,co,co,Thu tu uu tien ra pha. Khong phai xac nhan an toan.
496,12130,106.878640,16.769912,1.0000,0.9844,0.73,0,5866,khong,khong,Thu tu uu tien ra pha. Khong phai xac nhan an toan.
497,2715,106.920896,16.731242,1.0000,0.9844,0.48,1,4187,khong,khong,Thu tu uu tien ra pha. Khong phai xac nhan an toan.
498,12964,107.042030,16.772610,0.7977,0.9844,0.07,0,100,co,co,Thu tu uu tien ra pha. Khong phai xac nhan an toan.
499,11272,106.899299,16.766315,1.0000,0.9844,0.70,0,4241,khong,khong,Thu tu uu tien ra pha. Khong phai xac nhan an toan.
500,14271,107.029823,16.778006,0.8382,0.9844,0.45,0,1049,co,co,Thu tu uu tien ra pha. Khong phai xac nhan an toan.
